olives,corn
onion,olives
tomato
mushrooms,onion
mushrooms,tomato,corn,onion,olives



mushrooms,tomato
mushrooms,olives

olives,mushrooms,corn,onion,tomato

onion

corn

onion,corn,tomato
olives
olives,onion
tomato
corn,olives,tomato,onion
olives,mushrooms
onion,mushrooms,olives
mushrooms,corn

olives,corn,onion
mushrooms,tomato,olives
tomato,onion

corn
corn,mushrooms



onion,corn
onion,corn

mushrooms,tomato,onion,olives
tomato,corn
corn

onion,tomato,mushrooms

corn,tomato

mushrooms,tomato
corn
olives
olives,tomato
olives,tomato,corn,onion,mushrooms
tomato,mushrooms
corn,tomato,onion,olives,mushrooms
mushrooms,corn,olives,onion,tomato

onion,tomato,corn,olives
corn
olives,tomato,mushrooms,onion,corn

mushrooms
corn

onion
olives,mushrooms,onion


onion,mushrooms
corn,onion

olives,onion,mushrooms,corn
onion,mushrooms
mushrooms,corn,onion
olives,onion,corn,tomato,mushrooms

onion,corn,tomato
mushrooms,corn
olives,tomato,corn,mushrooms,onion

onion,tomato,corn,olives
mushrooms,olives,onion,corn
onion
tomato,olives,onion,mushrooms,corn

mushrooms,tomato
corn,tomato,olives,onion,mushrooms
olives
onion,corn
corn

corn,tomato,olives,onion,mushrooms
tomato,olives
olives,corn,tomato,mushrooms
onion,tomato,olives
olives
mushrooms,tomato
mushrooms,tomato,olives,corn
corn,tomato,mushrooms
corn,mushrooms,olives,tomato,onion
tomato,corn,olives
onion
onion,olives,corn,tomato,mushrooms
mushrooms,olives,onion,tomato
tomato,onion,olives,corn,mushrooms

corn
mushrooms,corn
onion,olives
mushrooms,corn,tomato
tomato,olives,corn

corn,onion,mushrooms


onion,olives,tomato,mushrooms,corn
onion,olives,mushrooms
olives

olives,onion
olives,corn
corn,olives,mushrooms,tomato
corn,tomato,olives
onion
mushrooms,onion,corn,tomato,olives
olives,mushrooms,onion
olives
mushrooms,tomato,olives,onion

tomato,corn,olives,onion
corn
tomato,olives,corn,mushrooms,onion
mushrooms,olives,corn,onion

olives,onion
olives,tomato
mushrooms,tomato,corn,onion
olives,corn,tomato
tomato,mushrooms

corn,onion,mushrooms,tomato,olives
corn,mushrooms,onion
corn,olives,tomato
mushrooms,tomato,corn,onion
tomato,olives
corn
tomato,olives
onion,corn,mushrooms
mushrooms,tomato,onion,olives
tomato,olives,onion,corn
mushrooms,olives,tomato

corn
olives,corn,tomato,onion
mushrooms
onion,olives
onion,mushrooms
olives,tomato,mushrooms
corn,onion,tomato,mushrooms,olives
olives
corn,olives,tomato
mushrooms,onion,corn
olives,tomato
mushrooms,tomato,corn,onion
mushrooms,tomato,onion,corn
corn,tomato,onion
onion,mushrooms,corn
tomato,mushrooms,olives,onion,corn
tomato

onion,olives,corn,tomato,mushrooms
corn,olives,onion
mushrooms,olives,onion,corn,tomato

mushrooms,tomato,olives
olives
olives,tomato,corn,onion,mushrooms
corn
olives,tomato

olives,corn
mushrooms,corn,olives,onion,tomato



olives,corn,tomato,onion
corn
corn,olives,tomato,mushrooms,onion
corn,onion,olives
olives,onion,corn,tomato
mushrooms,olives,tomato,onion,corn
mushrooms,corn
mushrooms
corn,mushrooms,tomato
tomato,corn,mushrooms,olives
olives
tomato
mushrooms,olives
onion
olives,tomato
olives,corn,onion,mushrooms
mushrooms,olives,corn
onion,mushrooms

onion,olives,mushrooms,tomato
olives,corn,mushrooms,onion
mushrooms
tomato
olives,mushrooms

olives,onion,mushrooms,tomato,corn
tomato,olives

corn,olives,mushrooms,tomato,onion
tomato,onion,mushrooms,olives,corn




mushrooms
tomato,mushrooms
mushrooms,olives,tomato
mushrooms,olives,tomato,onion,corn
olives,onion,tomato
mushrooms
corn,olives,onion,tomato,mushrooms
tomato,onion,corn,mushrooms

mushrooms,onion,corn,olives

olives,tomato,mushrooms,onion
corn,mushrooms,tomato
mushrooms,olives,onion,corn
corn,tomato
tomato,onion,corn,olives,mushrooms
mushrooms
onion,olives,mushrooms,corn,tomato
onion,tomato
olives,onion,mushrooms,tomato,corn
olives
corn
onion,corn,tomato,mushrooms
onion,tomato,corn
tomato,olives,corn,onion
tomato
tomato,onion,corn
tomato,corn,onion,mushrooms
mushrooms,olives,tomato
olives,mushrooms

mushrooms
mushrooms,olives
tomato,onion,mushrooms,corn,olives
olives,mushrooms,corn,tomato,onion
olives,mushrooms,corn,tomato
olives,onion,corn,mushrooms,tomato
corn,mushrooms,tomato,onion
tomato,mushrooms,corn,onion
corn


tomato,onion,olives,mushrooms
olives,mushrooms,onion,tomato

corn,olives

corn
corn,mushrooms,onion,olives,tomato
olives,onion
corn,olives,tomato,mushrooms,onion
onion
mushrooms,tomato
corn,olives,onion,mushrooms,tomato
olives
corn,olives,mushrooms
mushrooms,tomato,onion
corn,mushrooms,tomato,onion,olives
mushrooms,olives,onion
onion,corn
tomato,corn
tomato,onion
tomato,onion,mushrooms

corn,olives,mushrooms,onion,tomato
olives
tomato
mushrooms,onion,olives
onion,olives,corn
mushrooms,onion,olives,corn

onion,tomato,olives
olives,mushrooms,corn,onion
mushrooms,corn
onion,olives,corn,tomato,mushrooms
olives,corn,onion,mushrooms,tomato
mushrooms,olives,tomato,corn,onion
tomato,onion,corn,mushrooms
olives,tomato,mushrooms,onion

corn,tomato
olives,mushrooms,onion,corn,tomato
tomato,mushrooms,olives
tomato,onion,mushrooms,corn

olives
onion,mushrooms,olives,tomato,corn
olives,onion
corn
mushrooms,corn,olives,onion
mushrooms,olives
mushrooms
onion,olives,corn
mushrooms,olives
olives,tomato,onion,corn

onion,corn,olives,tomato
tomato,onion,olives
olives,corn,tomato,mushrooms
corn,onion,tomato
corn,olives,onion

corn,onion,mushrooms,tomato
corn,onion,olives,mushrooms,tomato
tomato,olives
tomato,corn,mushrooms
tomato,olives,mushrooms,onion,corn




corn,onion,mushrooms,tomato
mushrooms,tomato
onion,mushrooms
tomato,olives,corn,onion,mushrooms

onion,mushrooms

onion
mushrooms,corn,onion,tomato,olives
tomato,olives,onion,corn,mushrooms
tomato,mushrooms
mushrooms,corn,onion,olives
onion,corn,olives
mushrooms,tomato,corn
olives,corn
corn,olives
olives,tomato,mushrooms,onion
mushrooms

mushrooms,tomato
corn,mushrooms
olives,mushrooms,tomato,corn
corn,mushrooms
tomato,mushrooms,corn,olives,onion
olives,corn,mushrooms
corn,tomato,onion,mushrooms,olives
onion,corn,olives
onion,olives,mushrooms,tomato
olives,onion,mushrooms,tomato
tomato,corn,onion,mushrooms,olives
onion,tomato,corn,olives,mushrooms
mushrooms,corn,onion


tomato,olives
onion,mushrooms,olives,tomato,corn
corn,olives
mushrooms,tomato,olives
corn,olives,onion
onion,olives,mushrooms
mushrooms
olives,tomato,corn,onion,mushrooms
corn,olives,mushrooms,onion,tomato
corn,olives,mushrooms,onion
corn,mushrooms,olives
mushrooms,olives,onion,tomato
mushrooms,olives,tomato,corn
olives,onion
mushrooms,tomato,olives,onion,corn
onion,mushrooms,tomato,olives,corn
corn,mushrooms

olives,tomato,onion,corn
onion,corn,tomato,olives,mushrooms

corn,onion,mushrooms,olives,tomato

corn
olives,onion,mushrooms

olives
corn,onion
corn,tomato,mushrooms,onion

tomato,olives
corn,mushrooms,olives,tomato
mushrooms,corn
olives,corn,onion,tomato,mushrooms
onion,tomato,mushrooms,olives,corn
mushrooms,onion,corn,tomato,olives
onion,tomato,olives,corn
onion,olives,corn
tomato,onion,mushrooms
olives,corn
tomato,olives,mushrooms,onion
corn,tomato,olives,onion,mushrooms
mushrooms,tomato,onion,corn
tomato,corn,onion,mushrooms
tomato,corn,mushrooms,onion

onion,tomato
olives,corn
olives,onion,tomato
onion,olives,tomato
onion,corn,tomato,olives,mushrooms
corn,onion
tomato,corn,onion,mushrooms
onion,mushrooms,olives
mushrooms
tomato
onion,mushrooms,olives,tomato,corn
corn,tomato,mushrooms
tomato,mushrooms,corn,onion,olives
olives,corn,mushrooms,onion,tomato

corn,onion
olives
mushrooms,onion,corn,olives
mushrooms,onion,tomato,olives
olives,mushrooms
tomato,mushrooms,olives,onion,corn
onion,corn
tomato,olives,onion
tomato,onion,mushrooms,corn

tomato

onion,mushrooms,tomato,corn
olives,corn,mushrooms
mushrooms
corn,onion,olives,mushrooms
onion,olives
corn,tomato
olives,corn,onion,mushrooms,tomato
onion
tomato,corn,onion,olives
tomato,olives,mushrooms,corn
olives,onion
tomato,olives,onion

corn,tomato,mushrooms,onion,olives

tomato,corn

tomato,olives
tomato,onion,corn,mushrooms
mushrooms,olives,onion,tomato,corn
tomato,mushrooms
mushrooms,corn,olives,onion,tomato
corn
mushrooms,tomato,onion,olives,corn
tomato,mushrooms
olives,corn,onion
olives,onion,corn,tomato,mushrooms
corn,mushrooms,olives,tomato
olives
onion,tomato,corn,olives,mushrooms

mushrooms,corn,onion,olives
olives,tomato,onion,corn

mushrooms,corn,onion
mushrooms,corn,onion,tomato,olives
onion,olives,tomato,corn,mushrooms
tomato,onion,olives,mushrooms
corn,mushrooms
tomato,corn,mushrooms,olives,onion
tomato,olives,onion
tomato,onion,mushrooms,corn

onion,mushrooms,corn,olives

onion
mushrooms,corn

corn,onion
corn,onion
mushrooms,onion,corn,tomato
tomato,mushrooms,onion
mushrooms,onion,olives,corn

corn,tomato,mushrooms,onion,olives
olives,corn,onion
tomato,corn,onion,mushrooms
olives,onion
olives
onion
mushrooms,tomato,onion,corn
corn
onion,tomato,olives,mushrooms,corn

mushrooms,corn,olives,onion
onion
mushrooms
mushrooms,onion,tomato

olives,corn
olives,tomato,mushrooms
mushrooms,onion
mushrooms
corn,onion,olives,tomato,mushrooms
tomato,mushrooms,corn

olives,mushrooms,onion,tomato,corn

corn

corn,tomato,olives,mushrooms,onion
mushrooms,corn,onion,tomato
tomato,mushrooms,onion,corn,olives

olives
mushrooms,tomato,onion,corn
olives
onion,corn,olives,mushrooms,tomato
tomato,onion

olives,mushrooms
tomato,onion,mushrooms,corn,olives
corn
olives
corn,olives,onion,mushrooms


olives,mushrooms
corn
onion,mushrooms,tomato,corn,olives
corn,tomato,olives,mushrooms
olives,tomato,onion,mushrooms,corn
olives,corn,tomato
corn,tomato,mushrooms
onion
tomato,corn,onion,mushrooms
mushrooms,onion,tomato,corn
mushrooms,olives,corn,tomato,onion

mushrooms,corn,olives
olives,tomato,onion
corn,olives,tomato
corn,mushrooms,tomato,olives,onion
onion,corn,tomato,mushrooms
corn,mushrooms,onion

onion
olives,onion
corn,mushrooms,tomato,olives

tomato,corn,mushrooms,olives,onion
corn
mushrooms,corn,onion,olives

onion,mushrooms,corn,olives
tomato,corn,onion,mushrooms
onion,olives,tomato
olives,onion,mushrooms,tomato
olives
corn,tomato,onion,mushrooms
onion
mushrooms,corn,tomato,olives,onion
onion,olives,tomato
tomato,corn,olives,mushrooms,onion
onion,mushrooms
onion,olives,corn,mushrooms


corn,onion,mushrooms,olives,tomato

onion,tomato,olives,corn,mushrooms
onion,olives,tomato
onion,tomato
mushrooms,corn
onion
mushrooms,corn,onion,olives,tomato
corn,mushrooms,olives,tomato
corn,onion,tomato
tomato,mushrooms,corn,olives,onion


tomato
mushrooms,onion,olives,tomato,corn
tomato,olives,mushrooms,corn,onion
onion,olives,tomato,mushrooms,corn
olives,mushrooms,onion,corn,tomato


tomato,olives,onion,mushrooms,corn
olives,mushrooms,corn
tomato
mushrooms,tomato

corn

onion
onion
corn,olives,tomato
olives,tomato,corn,mushrooms
onion,tomato,olives
corn
corn,onion,mushrooms
corn
onion
mushrooms
tomato,olives,mushrooms,corn
olives,corn
olives,mushrooms,tomato,corn
olives,mushrooms,tomato
olives
mushrooms,onion
corn,olives,mushrooms,tomato,onion
corn,tomato,mushrooms,onion,olives
onion,mushrooms,tomato,olives,corn

mushrooms,tomato,onion,olives,corn
tomato,olives,onion
tomato,mushrooms,onion,corn

corn,onion,mushrooms,tomato

onion,mushrooms,olives,tomato
onion,corn,tomato,mushrooms,olives
olives,mushrooms,corn


tomato
tomato,onion,mushrooms
mushrooms,onion,olives
onion,olives,tomato
corn,onion,tomato
tomato
mushrooms,onion
tomato,olives,corn,onion
onion,mushrooms,corn
olives
onion



tomato,corn,mushrooms,onion
tomato,mushrooms
onion,tomato,mushrooms
onion
olives,tomato,onion,corn
olives,onion

onion,tomato,olives,corn
mushrooms,onion,corn
olives
olives,corn

onion,mushrooms,tomato

olives,mushrooms,corn
mushrooms,olives
mushrooms,olives,tomato,onion,corn
olives,onion,corn
olives
olives,tomato,mushrooms,corn,onion

olives,tomato,corn
onion
olives,mushrooms,onion,tomato,corn
tomato,onion,olives
tomato,mushrooms
corn
olives,onion,corn,mushrooms,tomato
onion,mushrooms,corn,olives
corn,onion,mushrooms,tomato,olives
onion,mushrooms,tomato


tomato
corn,onion,tomato,olives
olives
onion,tomato,corn,olives,mushrooms
onion,olives,corn,mushrooms
tomato,corn,olives,onion
olives,corn,tomato,onion
mushrooms,corn,olives
onion,tomato
tomato,corn,olives,onion,mushrooms


onion,olives,mushrooms,tomato,corn
onion,corn
onion,corn,mushrooms,tomato,olives
olives,onion,mushrooms,tomato
mushrooms,tomato
corn,olives,tomato,onion

tomato,corn,onion,olives
tomato
corn,olives,mushrooms,tomato
corn,tomato,mushrooms

mushrooms,onion,corn,olives
corn,tomato
corn
onion,mushrooms
mushrooms,olives
corn
olives,corn
tomato,mushrooms
olives,tomato
olives,mushrooms,tomato,corn
mushrooms,corn
onion,olives,mushrooms,corn,tomato
corn


onion,mushrooms,tomato

olives,tomato,mushrooms,onion,corn
corn,olives,onion,tomato

tomato
onion
olives,onion,tomato,mushrooms

onion,olives,corn
olives
mushrooms,corn,olives,tomato,onion
olives,corn,tomato
mushrooms,tomato


mushrooms,olives,onion,corn,tomato
corn
tomato,mushrooms,onion,olives,corn
tomato
tomato,onion,mushrooms,olives
mushrooms,tomato,onion,olives
corn,mushrooms,tomato,onion,olives

onion,mushrooms,olives
onion,olives,mushrooms,tomato
tomato,mushrooms,onion
olives,tomato
olives,tomato,mushrooms,corn,onion
onion,olives,tomato,corn

onion
onion,corn
olives

corn,mushrooms,onion
olives
olives,corn
corn,tomato,olives,onion,mushrooms
corn
mushrooms,olives,corn,tomato,onion
tomato